-- ⚠️ NOTE: This file contains early-stage queries and exploratory logic.
-- Several queries are under construction and will be optimized/refactored later.


-- I provide an explanation of where I got the statistical data from - links, publication date, etc.


-- 1. Data for Museums
INSERT INTO Museums (Museum_ID, Name, Location) VALUES (1, 'Metropolitan Museum of Art', 'New York');
INSERT INTO Museums (Museum_ID, Name, Location) VALUES (2, 'Guggenheim Museum', 'New York');


-- 2. Data for Exhibitions
INSERT INTO Exhibitions (Exhibition_ID, Name, Start_Date, End_Date, Museum_ID) VALUES (1, 'Van Gogh''s Irises', '2018-04-01', '2018-09-30', 1);
INSERT INTO Exhibitions (Exhibition_ID, Name, Start_Date, End_Date, Museum_ID) VALUES (2, 'Ancient Egypt Revisited', '2019-02-15', '2019-07-15', 1);
INSERT INTO Exhibitions (Exhibition_ID, Name, Start_Date, End_Date, Museum_ID) VALUES (3, 'Heavenly Bodies: Fashion and the Catholic Imagination', '2021-09-01', '2022-01-31', 1);
INSERT INTO Exhibitions (Exhibition_ID, Name, Start_Date, End_Date, Museum_ID) VALUES (4, 'Hilma af Klimt: Paintings for the Future', '2018-10-12', '2019-04-23', 2);
INSERT INTO Exhibitions (Exhibition_ID, Name, Start_Date, End_Date, Museum_ID) VALUES (5, 'Kandinsky', '2020-07-01', '2021-01-10', 2);
INSERT INTO Exhibitions (Exhibition_ID, Name, Start_Date, End_Date, Museum_ID) VALUES (6, 'Contemporary Abstractions', '2022-03-01', '2022-09-30', 2);


-- 3. Data for Covid_Periods
INSERT INTO Covid_Periods (Period_ID, Name, Start_Date, End_Date) VALUES (1, 'Pre-COVID', '2018-01-01', '2019-12-31');
INSERT INTO Covid_Periods (Period_ID, Name, Start_Date, End_Date) VALUES (2, 'During COVID', '2020-01-01', '2021-06-30');
INSERT INTO Covid_Periods (Period_ID, Name, Start_Date, End_Date) VALUES (3, 'Post-COVID', '2021-07-01', '2024-12-31');


-- 4. Data for Visitors 
INSERT INTO Visitors (Visitor_ID, Age, Gender, Occupation) VALUES 
(1, 66, 'Female', 'Teacher'),
(2, 79, 'Male', 'Designer'),
(3, 35, 'Female', 'Lawyer'),
(4, 28, 'Female', 'Artist'),
(5, 65, 'Other', 'Designer'),
(6, 42, 'Female', 'Engineer'),
(7, 16, 'Male', 'Historian'),
(8, 74, 'Male', 'Artist'),
(9, 42, 'Male', 'Lawyer'),
(10, 17, 'Male', 'Engineer'),
(11, 40, 'Male', 'Engineer'),
(12, 83, 'Other', 'Engineer'),
(13, 51, 'Male', 'Student'),
(14, 54, 'Other', 'Doctor'),
(15, 36, 'Other', 'Student'),
(16, 46, 'Other', 'Artist'),
(17, 18, 'Female', 'Designer'),
(18, 23, 'Other', 'Historian'),
(19, 72, 'Other', 'Scientist'),
(20, 28, 'Male', 'Lawyer'),
(21, 69, 'Male', 'Lawyer'),
(22, 65, 'Other', 'Historian'),
(23, 54, 'Female', 'Designer'),
(24, 84, 'Male', 'Student'),
(25, 59, 'Male', 'Student'),
(26, 83, 'Other', 'Engineer'),
(27, 54, 'Female', 'Lawyer'),
(28, 69, 'Male', 'Scientist'),
(29, 26, 'Female', 'Doctor'),
(30, 83, 'Male', 'Student'),
(31, 20, 'Other', 'Historian'),
(32, 59, 'Female', 'Doctor'),
(33, 32, 'Male', 'Scientist'),
(34, 29, 'Female', 'Doctor'),
(35, 85, 'Male', 'Doctor'),
(36, 60, 'Other', 'Student'),
(37, 17, 'Male', 'Artist'),
(38, 42, 'Other', 'Doctor'),
(39, 60, 'Male', 'Lawyer'),
(40, 84, 'Other', 'Lawyer'),
(41, 59, 'Male', 'Teacher'),
(42, 75, 'Male', 'Doctor'),
(43, 52, 'Other', 'Lawyer'),
(44, 46, 'Male', 'Doctor'),
(45, 85, 'Female', 'Teacher'),
(46, 61, 'Male', 'Student'),
(47, 57, 'Female', 'Scientist'),
(48, 63, 'Male', 'Lawyer'),
(49, 52, 'Female', 'Student'),
(50, 45, 'Male', 'Lawyer'),
(51, 39, 'Female', 'Designer'),
(52, 84, 'Male', 'Teacher'),
(53, 42, 'Male', 'Student'),
(54, 69, 'Female', 'Student'),
(55, 72, 'Other', 'Engineer'),
(56, 59, 'Other', 'Student'),
(57, 28, 'Female', 'Student'),
(58, 33, 'Male', 'Doctor'),
(59, 52, 'Female', 'Doctor'),
(60, 19, 'Female', 'Scientist'),
(61, 63, 'Female', 'Student'),
(62, 50, 'Male', 'Teacher'),
(63, 78, 'Male', 'Lawyer'),
(64, 81, 'Female', 'Scientist'),
(65, 65, 'Male', 'Engineer'),
(66, 75, 'Other', 'Student'),
(67, 67, 'Other', 'Historian'),
(68, 63, 'Other', 'Scientist'),
(69, 21, 'Male', 'Curator'),
(70, 44, 'Female', 'Teacher'),
(71, 36, 'Other', 'Artist'),
(72, 66, 'Female', 'Student'),
(73, 38, 'Male', 'Designer'),
(74, 17, 'Male', 'Designer'),
(75, 82, 'Male', 'Designer'),
(76, 39, 'Female', 'Teacher'),
(77, 71, 'Female', 'Engineer'),
(78, 43, 'Female', 'Doctor'),
(79, 31, 'Other', 'Curator'),
(80, 26, 'Other', 'Curator'),
(81, 21, 'Other', 'Curator'),
(82, 57, 'Male', 'Doctor'),
(83, 41, 'Female', 'Student'),
(84, 73, 'Other', 'Lawyer'),
(85, 46, 'Female', 'Student'),
(86, 27, 'Other', 'Student'),
(87, 18, 'Male', 'Engineer'),
(88, 22, 'Male', 'Historian'),
(89, 73, 'Female', 'Artist'),
(90, 47, 'Male', 'Artist'),
(91, 44, 'Other', 'Lawyer'),
(92, 18, 'Other', 'Student'),
(93, 68, 'Female', 'Student'),
(94, 57, 'Other', 'Curator'),
(95, 46, 'Female', 'Designer'),
(96, 18, 'Male', 'Teacher'),
(97, 47, 'Male', 'Historian'),
(98, 19, 'Other', 'Designer');
(99, 60, 'Male', 'Designer'),
(100, 65, 'Female', 'Student'),
(101, 49, 'Other', 'Lawyer'),
(102, 34, 'Male', 'Teacher'),
(103, 29, 'Other', 'Lawyer'),
(104, 53, 'Female', 'Designer'),
(105, 49, 'Other', 'Scientist'),
(106, 64, 'Other', 'Doctor'),
(107, 32, 'Male', 'Student'),
(108, 47, 'Female', 'Historian'),
(109, 77, 'Male', 'Designer'),
(110, 78, 'Other', 'Doctor'),
(111, 73, 'Male', 'Artist'),
(112, 27, 'Female', 'Doctor'),
(113, 58, 'Other', 'Teacher'),
(114, 85, 'Other', 'Teacher'),
(115, 53, 'Female', 'Student'),
(116, 74, 'Female', 'Teacher'),
(117, 50, 'Male', 'Historian'),
(118, 43, 'Other', 'Historian'),
(119, 56, 'Male', 'Lawyer'),
(120, 79, 'Other', 'Doctor'),
(121, 24, 'Other', 'Engineer'),
(122, 76, 'Female', 'Curator'),
(123, 65, 'Other', 'Student'),
(124, 46, 'Other', 'Artist'),
(125, 24, 'Male', 'Lawyer'),
(126, 30, 'Female', 'Student'),
(127, 42, 'Female', 'Teacher'),
(128, 68, 'Male', 'Engineer'),
(129, 30, 'Other', 'Lawyer'),
(130, 31, 'Female', 'Scientist'),
(131, 62, 'Female', 'Student'),
(132, 81, 'Female', 'Designer'),
(133, 37, 'Other', 'Doctor'),
(134, 55, 'Other', 'Engineer'),
(135, 35, 'Female', 'Curator'),
(136, 18, 'Other', 'Designer'),
(137, 49, 'Male', 'Scientist'),
(138, 37, 'Other', 'Historian'),
(139, 28, 'Other', 'Scientist'),
(140, 44, 'Male', 'Student'),
(141, 19, 'Female', 'Lawyer'),
(142, 26, 'Female', 'Lawyer'),
(143, 64, 'Female', 'Historian'),
(144, 63, 'Male', 'Artist'),
(145, 66, 'Other', 'Engineer'),
(146, 53, 'Other', 'Teacher'),
(147, 70, 'Male', 'Historian'),
(148, 21, 'Female', 'Teacher'),
(149, 53, 'Female', 'Student'),
(150, 33, 'Other', 'Artist'),
(151, 70, 'Male', 'Curator'),
(152, 61, 'Other', 'Scientist'),
(153, 47, 'Male', 'Student'),
(154, 69, 'Female', 'Student'),
(155, 28, 'Male', 'Lawyer'),
(156, 30, 'Female', 'Historian'),
(157, 63, 'Female', 'Teacher'),
(158, 28, 'Male', 'Engineer'),
(159, 61, 'Male', 'Engineer'),
(160, 69, 'Male', 'Curator'),
(161, 23, 'Male', 'Engineer'),
(162, 57, 'Female', 'Designer'),
(163, 84, 'Other', 'Scientist'),
(164, 30, 'Other', 'Scientist'),
(165, 60, 'Other', 'Designer'),
(166, 41, 'Male', 'Scientist'),
(167, 25, 'Male', 'Lawyer'),
(168, 42, 'Other', 'Designer'),
(169, 32, 'Other', 'Historian'),
(170, 42, 'Male', 'Curator'),
(171, 17, 'Female', 'Scientist'),
(172, 28, 'Other', 'Teacher'),
(173, 64, 'Female', 'Teacher'),
(174, 35, 'Female', 'Artist'),
(175, 31, 'Female', 'Scientist'),
(176, 21, 'Other', 'Designer'),
(177, 70, 'Other', 'Curator'),
(178, 64, 'Male', 'Doctor'),
(179, 21, 'Other', 'Doctor'),
(180, 77, 'Male', 'Lawyer'),
(181, 28, 'Male', 'Curator'),
(182, 80, 'Male', 'Student'),
(183, 17, 'Female', 'Artist'),
(184, 38, 'Male', 'Historian'),
(185, 65, 'Male', 'Engineer'),
(186, 38, 'Female', 'Doctor'),
(187, 41, 'Male', 'Student'),
(188, 64, 'Other', 'Designer'),
(189, 17, 'Female', 'Scientist'),
(190, 83, 'Other', 'Designer'),
(191, 71, 'Female', 'Lawyer'),
(192, 59, 'Male', 'Doctor'),
(193, 42, 'Other', 'Scientist'),
(194, 27, 'Female', 'Designer'),
(195, 61, 'Male', 'Teacher'),
(196, 61, 'Male', 'Designer'),
(197, 67, 'Female', 'Artist'),
(198, 78, 'Other', 'Engineer'),
(199, 81, 'Other', 'Doctor'),
(200, 83, 'Female', 'Student');

-- 5. Data for Visits 
INSERT INTO Visits (Visit_ID, Visitor_ID, Exhibition_ID, Visit_Date, Period_ID) VALUES 
(1, 45, 1, '2019-01-14', 1),
(2, 37, 2, '2020-11-05', 2),
(3, 86, 5, '2021-07-17', 3),
(4, 86, 5, '2020-04-16', 2),
(5, 96, 1, '2018-04-20', 1),
(6, 96, 5, '2018-10-06', 1),
(7, 27, 5, '2022-12-23', 3),
(8, 27, 6, '2020-12-23', 2),
(9, 65, 4, '2020-03-22', 2),
(10, 12, 6, '2020-10-10', 2),
(11, 6, 1, '2020-09-13', 2),
(12, 82, 6, '2019-03-29', 1),
(13, 71, 6, '2020-01-10', 2),
(14, 15, 1, '2020-05-06', 2),
(15, 70, 6, '2020-05-31', 2),
(16, 56, 2, '2018-11-12', 1),
(17, 47, 4, '2022-06-06', 3),
(18, 65, 2, '2021-01-27', 2),
(19, 40, 5, '2020-06-07', 2),
(20, 31, 2, '2019-02-27', 1),
(21, 60, 4, '2020-02-18', 2),
(22, 38, 5, '2020-04-05', 2),
(23, 13, 2, '2022-11-01', 3),
(24, 18, 6, '2021-04-10', 3),
(25, 49, 1, '2019-07-23', 1),
(26, 53, 4, '2020-09-30', 2),
(27, 11, 3, '2020-11-22', 2),
(28, 33, 6, '2022-08-06', 3),
(29, 92, 2, '2019-08-17', 1),
(30, 22, 1, '2019-10-02', 1),
(31, 84, 6, '2020-12-01', 2),
(32, 88, 1, '2018-12-14', 1),
(33, 17, 3, '2021-05-01', 3),
(34, 39, 2, '2020-07-27', 2),
(35, 73, 5, '2020-03-06', 2),
(36, 66, 6, '2020-04-18', 2),
(37, 25, 1, '2020-10-25', 2),
(38, 5, 4, '2020-01-14', 2),
(39, 59, 2, '2019-06-03', 1),
(40, 34, 5, '2022-07-19', 3),
(41, 41, 3, '2020-05-25', 2),
(42, 77, 2, '2021-09-07', 3),
(43, 74, 6, '2020-08-15', 2),
(44, 9, 4, '2019-10-18', 1),
(45, 20, 3, '2022-04-11', 3),
(46, 19, 4, '2018-07-22', 1),
(47, 61, 5, '2021-06-28', 3),
(48, 7, 1, '2018-05-05', 1),
(49, 29, 5, '2021-03-12', 3),
(50, 44, 3, '2020-08-09', 2),
(51, 2, 2, '2021-08-12', 3),
(52, 21, 4, '2019-11-02', 1),
(53, 90, 1, '2018-08-30', 1),
(54, 48, 2, '2020-02-06', 2),
(55, 16, 3, '2020-12-07', 2),
(56, 55, 5, '2021-02-20', 3),
(57, 76, 3, '2022-10-03', 3),
(58, 8, 1, '2018-06-11', 1),
(59, 50, 4, '2021-01-12', 2),
(60, 35, 6, '2021-04-21', 3),
(61, 32, 5, '2020-06-26', 2),
(62, 46, 3, '2022-02-13', 3),
(63, 62, 2, '2020-08-02', 2),
(64, 93, 1, '2018-09-14', 1),
(65, 14, 4, '2019-07-03', 1),
(66, 58, 6, '2021-05-17', 3),
(67, 30, 3, '2020-03-15', 2),
(68, 99, 4, '2020-05-14', 2),
(69, 3, 5, '2021-08-05', 3),
(70, 81, 1, '2019-01-06', 1),
(71, 85, 2, '2020-10-17', 2),
(72, 87, 6, '2022-05-05', 3),
(73, 78, 1, '2019-03-11', 1),
(74, 42, 4, '2020-04-28', 2),
(75, 26, 3, '2021-07-26', 3),
(76, 68, 2, '2020-06-15', 2),
(77, 28, 4, '2021-11-18', 3),
(78, 23, 5, '2019-02-22', 1),
(79, 67, 6, '2021-12-10', 3),
(80, 100, 3, '2022-01-01', 3),
(81, 10, 1, '2018-09-26', 1),
(82, 36, 2, '2019-04-19', 1),
(83, 83, 4, '2020-03-28', 2),
(84, 24, 5, '2021-04-14', 3),
(85, 64, 3, '2021-06-03', 3),
(86, 91, 6, '2022-09-10', 3),
(87, 80, 2, '2018-11-23', 1),
(88, 95, 1, '2019-12-05', 1),
(89, 43, 3, '2020-06-20', 2),
(90, 63, 5, '2021-09-19', 3),
(91, 94, 1, '2018-03-03', 1),
(92, 75, 4, '2020-08-27', 2),
(93, 79, 6, '2022-03-29', 3),
(94, 4, 3, '2021-02-02', 3),
(95, 70, 1, '2019-09-15', 1),
(96, 52, 2, '2020-12-15', 2),
(97, 6, 5, '2021-05-25', 3),
(98, 38, 4, '2020-07-30', 2),
(99, 13, 2, '2019-05-20', 1),
(100, 29, 3, '2021-08-30', 3),
(101, 84, 6, '2022-06-16', 3),
(102, 97, 1, '2018-06-03', 1),
(103, 31, 5, '2020-03-31', 2),
(104, 98, 2, '2020-09-02', 2),
(105, 12, 4, '2019-07-10', 1),
(106, 18, 6, '2022-10-30', 3),
(107, 20, 3, '2021-11-09', 3),
(108, 55, 2, '2020-11-16', 2),
(109, 26, 5, '2020-04-01', 2),
(110, 74, 1, '2018-10-19', 1),
(111, 1, 4, '2020-05-11', 2),
(112, 21, 2, '2020-10-03', 2),
(113, 27, 6, '2022-07-07', 3),
(114, 44, 1, '2019-02-04', 1),
(115, 19, 3, '2021-04-04', 3),
(116, 83, 4, '2020-02-09', 2),
(117, 91, 5, '2021-07-14', 3),
(118, 66, 1, '2019-06-28', 1),
(119, 9, 2, '2020-06-10', 2),
(120, 49, 6, '2022-12-12', 3),
(121, 95, 3, '2021-10-06', 3),
(122, 50, 1, '2018-07-08', 1),
(123, 43, 5, '2020-09-05', 2),
(124, 88, 2, '2019-08-05', 1),
(125, 34, 4, '2020-03-12', 2),
(126, 73, 6, '2021-01-04', 2),
(127, 7, 1, '2019-10-26', 1),
(128, 36, 3, '2021-03-21', 3),
(129, 16, 2, '2020-07-05', 2),
(130, 63, 4, '2019-11-25', 1),
(131, 86, 5, '2021-08-01', 3),
(132, 75, 2, '2020-05-18', 2),
(133, 3, 4, '2019-03-07', 1),
(134, 23, 6, '2022-05-27', 3),
(135, 78, 3, '2021-12-22', 3),
(136, 60, 1, '2018-09-09', 1),
(137, 67, 5, '2020-06-02', 2),
(138, 30, 2, '2019-04-16', 1),
(139, 17, 1, '2018-11-03', 1),
(140, 99, 3, '2021-06-30', 3),
(141, 24, 4, '2020-02-25', 2),
(142, 10, 5, '2021-02-27', 3),
(143, 46, 6, '2022-08-14', 3),
(144, 76, 1, '2019-08-23', 1),
(145, 39, 2, '2020-09-28', 2),
(146, 32, 3, '2021-07-02', 3),
(147, 85, 5, '2020-01-08', 2),
(148, 14, 1, '2019-12-27', 1),
(149, 58, 4, '2020-03-04', 2),
(150, 100, 6, '2022-11-24', 3),
(151, 71, 2, '2019-06-15', 1),
(152, 35, 5, '2021-01-18', 2),
(153, 62, 1, '2018-04-17', 1),
(154, 28, 3, '2020-10-29', 2),
(155, 77, 4, '2020-05-23', 2),
(156, 8, 2, '2019-01-17', 1),
(157, 48, 6, '2022-03-02', 3),
(158, 94, 3, '2021-05-10', 3),
(159, 51, 1, '2018-05-20', 1),
(160, 11, 2, '2019-11-11', 1),
(161, 96, 5, '2020-07-22', 2),
(162, 15, 4, '2020-08-24', 2),
(163, 53, 6, '2022-06-25', 3),
(164, 31, 3, '2021-02-11', 3),
(165, 80, 2, '2019-09-02', 1),
(166, 97, 1, '2018-10-28', 1),
(167, 64, 5, '2020-11-27', 2),
(168, 5, 4, '2019-12-19', 1),
(169, 42, 6, '2021-09-25', 3),
(170, 57, 3, '2020-01-31', 2),
(171, 93, 2, '2019-02-10', 1),
(172, 37, 4, '2020-04-12', 2),
(173, 56, 5, '2021-03-08', 3),
(174, 45, 3, '2020-06-16', 2),
(175, 61, 6, '2022-09-01', 3),
(176, 22, 1, '2019-05-30', 1),
(177, 33, 2, '2020-08-07', 2),
(178, 81, 4, '2020-11-19', 2),
(179, 47, 6, '2022-10-08', 3),
(180, 2, 3, '2021-07-11', 3),
(181, 25, 5, '2020-02-13', 2),
(182, 59, 1, '2018-07-17', 1),
(183, 89, 2, '2019-10-09', 1),
(184, 98, 4, '2020-01-02', 2),
(185, 41, 6, '2022-04-16', 3),
(186, 57, 3, '2021-03-01', 3),
(187, 79, 1, '2019-03-18', 1),
(188, 72, 5, '2020-05-28', 2),
(189, 69, 4, '2020-03-19', 2),
(190, 87, 6, '2022-02-24', 3),
(191, 4, 2, '2020-09-17', 2),
(192, 90, 1, '2019-01-25', 1),
(193, 69, 3, '2021-10-14', 3),
(194, 58, 5, '2021-06-11', 3),
(195, 94, 2, '2020-07-14', 2),
(196, 93, 3, '2021-09-01', 3),
(197, 3, 6, '2022-07-30', 3),
(198, 52, 1, '2018-08-08', 1),
(199, 92, 4, '2020-06-12', 2),
(200, 78, 5, '2021-12-17', 3);



-- ⚠️ TO DO LIST:
-- TO DO: Consider adding a 'Nationality' column to Visitors for regional trends
-- IDEA: Create a derived table for recurring visitors to analyze loyalty
-- NOTE: I need to finish inserting sample data for table 'Visits'
